01.01.2011;79
02.01.2011;79
03.01.2011;78
04.01.2011;77
05.01.2011;76
06.01.2011;75
07.01.2011;78
08.01.2011;74
09.01.2011;72
10.01.2011;73
11.01.2011;71
12.01.2011;69
13.01.2011;69
14.01.2011;68
15.01.2011;67
16.01.2011;78
17.01.2011;83
18.01.2011;77
19.01.2011;74
20.01.2011;73
21.01.2011;72
22.01.2011;70
23.01.2011;69
24.01.2011;73
25.01.2011;79
26.01.2011;84
27.01.2011;89
28.01.2011;89
29.01.2011;83
30.01.2011;78
31.01.2011;77
01.02.2011;74
02.02.2011;71
03.02.2011;67
04.02.2011;65
05.02.2011;65
06.02.2011;64
07.02.2011;62
08.02.2011;63
09.02.2011;66
10.02.2011;79
11.02.2011;79
12.02.2011;81
13.02.2011;79
14.02.2011;76
15.02.2011;72
16.02.2011;70
17.02.2011;68
18.02.2011;67
19.02.2011;65
20.02.2011;64
21.02.2011;63
22.02.2011;62
23.02.2011;61
24.02.2011;60
25.02.2011;59
26.02.2011;59
27.02.2011;59
28.02.2011;57
01.03.2011;57
02.03.2011;56
03.03.2011;56
04.03.2011;55
05.03.2011;54
06.03.2011;53
07.03.2011;53
08.03.2011;52
09.03.2011;52
10.03.2011;50
11.03.2011;49
12.03.2011;47
13.03.2011;45
14.03.2011;40
15.03.2011;36
16.03.2011;35
17.03.2011;35
18.03.2011;32
19.03.2011;31
20.03.2011;30
21.03.2011;30
22.03.2011;31
23.03.2011;37
24.03.2011;39
25.03.2011;41
26.03.2011;43
27.03.2011;39
28.03.2011;39
29.03.2011;39
30.03.2011;38
31.03.2011;38
01.04.2011;37
02.04.2011;40
03.04.2011;52
04.04.2011;84
05.04.2011;121
06.04.2011;138
07.04.2011;152
08.04.2011;167
09.04.2011;178
10.04.2011;188
11.04.2011;196
12.04.2011;203
13.04.2011;208
14.04.2011;211
15.04.2011;212
16.04.2011;213
17.04.2011;213
18.04.2011;212
19.04.2011;211
20.04.2011;209
21.04.2011;203
22.04.2011;198
23.04.2011;194
24.04.2011;190
25.04.2011;185
26.04.2011;179
27.04.2011;173
28.04.2011;166
29.04.2011;159
30.04.2011;153
01.05.2011;145
02.05.2011;137
03.05.2011;129
04.05.2011;121
05.05.2011;113
06.05.2011;106
07.05.2011;99
08.05.2011;93
09.05.2011;87
10.05.2011;82
11.05.2011;77
12.05.2011;74
13.05.2011;73
14.05.2011;78
15.05.2011;74
16.05.2011;75
17.05.2011;81
18.05.2011;81
19.05.2011;77
20.05.2011;76
21.05.2011;75
22.05.2011;74
23.05.2011;75
24.05.2011;77
25.05.2011;77
26.05.2011;76
27.05.2011;76
28.05.2011;76
29.05.2011;76
30.05.2011;75
31.05.2011;75
01.06.2011;77
02.06.2011;79
03.06.2011;80
04.06.2011;80
05.06.2011;82
06.06.2011;84
07.06.2011;86
08.06.2011;88
09.06.2011;90
10.06.2011;91
11.06.2011;92
12.06.2011;93
13.06.2011;95
14.06.2011;95
15.06.2011;96
16.06.2011;97
17.06.2011;98
18.06.2011;100
19.06.2011;101
20.06.2011;103
21.06.2011;105
22.06.2011;107
23.06.2011;108
24.06.2011;109
25.06.2011;111
26.06.2011;113
27.06.2011;114
28.06.2011;115
29.06.2011;117
30.06.2011;118
01.07.2011;119
02.07.2011;121
03.07.2011;121
04.07.2011;123
05.07.2011;123
06.07.2011;124
07.07.2011;125
08.07.2011;126
09.07.2011;127
10.07.2011;127
11.07.2011;127
12.07.2011;127
13.07.2011;126
14.07.2011;123
15.07.2011;123
16.07.2011;124
17.07.2011;124
18.07.2011;125
19.07.2011;124
20.07.2011;123
21.07.2011;121
22.07.2011;120
23.07.2011;119
24.07.2011;118
25.07.2011;118
26.07.2011;117
27.07.2011;117
28.07.2011;118
29.07.2011;123
30.07.2011;123
31.07.2011;123
01.08.2011;122
02.08.2011;122
03.08.2011;121
04.08.2011;121
05.08.2011;120
06.08.2011;120
07.08.2011;119
08.08.2011;119
09.08.2011;119
10.08.2011;119
11.08.2011;119
12.08.2011;119
13.08.2011;122
14.08.2011;123
15.08.2011;125
16.08.2011;129
17.08.2011;130
18.08.2011;131
19.08.2011;132
20.08.2011;133
21.08.2011;135
22.08.2011;135
23.08.2011;138
24.08.2011;139
25.08.2011;139
26.08.2011;138
27.08.2011;138
28.08.2011;137
29.08.2011;137
30.08.2011;137
31.08.2011;136
01.09.2011;136
02.09.2011;136
03.09.2011;136
04.09.2011;135
05.09.2011;134
06.09.2011;134
07.09.2011;133
08.09.2011;132
09.09.2011;132
10.09.2011;131
11.09.2011;130
12.09.2011;129
13.09.2011;129
14.09.2011;128
15.09.2011;127
16.09.2011;126
17.09.2011;125
18.09.2011;123
19.09.2011;122
20.09.2011;121
21.09.2011;120
22.09.2011;119
23.09.2011;119
24.09.2011;117
25.09.2011;116
26.09.2011;115
27.09.2011;113
28.09.2011;112
29.09.2011;111
30.09.2011;110
01.10.2011;108
02.10.2011;105
03.10.2011;103
04.10.2011;100
05.10.2011;98
06.10.2011;96
07.10.2011;93
08.10.2011;90
09.10.2011;86
10.10.2011;83
11.10.2011;83
12.10.2011;83
13.10.2011;82
14.10.2011;80
15.10.2011;78
16.10.2011;75
17.10.2011;73
18.10.2011;69
19.10.2011;67
20.10.2011;65
21.10.2011;62
22.10.2011;59
23.10.2011;57
24.10.2011;55
25.10.2011;52
26.10.2011;50
27.10.2011;48
28.10.2011;47
29.10.2011;46
30.10.2011;45
31.10.2011;46
01.11.2011;44
02.11.2011;43
03.11.2011;41
04.11.2011;40
05.11.2011;38
06.11.2011;37
07.11.2011;36
08.11.2011;34
09.11.2011;33
10.11.2011;32
11.11.2011;31
12.11.2011;30
13.11.2011;30
14.11.2011;30
15.11.2011;29
16.11.2011;28
17.11.2011;25
18.11.2011;21
19.11.2011;21
20.11.2011;22
21.11.2011;22
22.11.2011;21
23.11.2011;22
24.11.2011;22
25.11.2011;23
26.11.2011;25
27.11.2011;27
28.11.2011;32
29.11.2011;32
30.11.2011;32
01.12.2011;31
02.12.2011;30
03.12.2011;33
04.12.2011;35
05.12.2011;38
06.12.2011;39
07.12.2011;39
08.12.2011;38
09.12.2011;39
10.12.2011;39
11.12.2011;40
12.12.2011;41
13.12.2011;42
14.12.2011;42
15.12.2011;44
16.12.2011;45
17.12.2011;46
18.12.2011;49
19.12.2011;52
20.12.2011;51
21.12.2011;49
22.12.2011;47
23.12.2011;47
24.12.2011;45
25.12.2011;45
26.12.2011;46
27.12.2011;48
28.12.2011;49
29.12.2011;50
30.12.2011;49
31.12.2011;48
01.01.2012;47
02.01.2012;47
03.01.2012;46
04.01.2012;46
05.01.2012;49
06.01.2012;54
07.01.2012;55
08.01.2012;55
09.01.2012;54
10.01.2012;53
11.01.2012;53
12.01.2012;55
13.01.2012;66
14.01.2012;69
15.01.2012;67
16.01.2012;66
17.01.2012;64
18.01.2012;74
19.01.2012;89
20.01.2012;97
21.01.2012;99
22.01.2012;96
23.01.2012;92
24.01.2012;90
25.01.2012;88
26.01.2012;84
27.01.2012;80
28.01.2012;75
29.01.2012;70
30.01.2012;65
31.01.2012;62
01.02.2012;59
02.02.2012;57
03.02.2012;56
04.02.2012;54
05.02.2012;52
06.02.2012;51
07.02.2012;51
08.02.2012;50
09.02.2012;49
10.02.2012;49
11.02.2012;48
12.02.2012;48
13.02.2012;48
14.02.2012;48
15.02.2012;48
16.02.2012;49
17.02.2012;49
18.02.2012;49
19.02.2012;49
20.02.2012;50
21.02.2012;51
22.02.2012;53
23.02.2012;57
24.02.2012;61
25.02.2012;63
26.02.2012;64
27.02.2012;64
28.02.2012;64
29.02.2012;64
01.03.2012;64
02.03.2012;65
03.03.2012;66
04.03.2012;66
05.03.2012;65
06.03.2012;64
07.03.2012;62
08.03.2012;60
09.03.2012;59
10.03.2012;60
11.03.2012;63
12.03.2012;64
13.03.2012;64
14.03.2012;64
15.03.2012;61
16.03.2012;58
17.03.2012;57
18.03.2012;65
19.03.2012;71
20.03.2012;77
21.03.2012;76
22.03.2012;76
23.03.2012;81
24.03.2012;87
25.03.2012;99
26.03.2012;107
27.03.2012;112
28.03.2012;119
29.03.2012;127
30.03.2012;136
31.03.2012;141
01.04.2012;146
02.04.2012;148
03.04.2012;148
04.04.2012;146
05.04.2012;144
06.04.2012;140
07.04.2012;136
08.04.2012;131
09.04.2012;126
10.04.2012;120
11.04.2012;114
12.04.2012;109
13.04.2012;104
14.04.2012;100
15.04.2012;97
16.04.2012;95
17.04.2012;99
18.04.2012;101
19.04.2012;102
20.04.2012;105
21.04.2012;113
22.04.2012;113
23.04.2012;111
24.04.2012;109
25.04.2012;108
26.04.2012;107
27.04.2012;106
28.04.2012;102
29.04.2012;98
30.04.2012;94
01.05.2012;90
02.05.2012;85
03.05.2012;81
04.05.2012;77
05.05.2012;74
06.05.2012;71
07.05.2012;68
08.05.2012;65
09.05.2012;63
10.05.2012;61
11.05.2012;59
12.05.2012;58
13.05.2012;56
14.05.2012;55
15.05.2012;53
16.05.2012;52
17.05.2012;53
18.05.2012;66
19.05.2012;69
20.05.2012;69
21.05.2012;71
22.05.2012;74
23.05.2012;76
24.05.2012;78
25.05.2012;80
26.05.2012;80
27.05.2012;81
28.05.2012;82
29.05.2012;83
30.05.2012;86
31.05.2012;87
01.06.2012;89
02.06.2012;94
03.06.2012;97
04.06.2012;98
05.06.2012;100
06.06.2012;102
07.06.2012;105
08.06.2012;107
09.06.2012;109
10.06.2012;112
11.06.2012;116
12.06.2012;123
13.06.2012;127
14.06.2012;131
15.06.2012;134
16.06.2012;137
17.06.2012;139
18.06.2012;141
19.06.2012;142
20.06.2012;144
21.06.2012;144
22.06.2012;145
23.06.2012;147
24.06.2012;149
25.06.2012;150
26.06.2012;152
27.06.2012;155
28.06.2012;159
29.06.2012;160
30.06.2012;160
01.07.2012;160
02.07.2012;160
03.07.2012;160
04.07.2012;159
05.07.2012;158
06.07.2012;158
07.07.2012;158
08.07.2012;157
09.07.2012;157
10.07.2012;156
11.07.2012;155
12.07.2012;155
13.07.2012;158
14.07.2012;158
15.07.2012;160
16.07.2012;163
17.07.2012;164
18.07.2012;164
19.07.2012;164
20.07.2012;165
21.07.2012;165
22.07.2012;166
23.07.2012;168
24.07.2012;168
25.07.2012;168
26.07.2012;168
27.07.2012;168
28.07.2012;167
29.07.2012;167
30.07.2012;167
31.07.2012;168
01.08.2012;169
02.08.2012;169
03.08.2012;168
04.08.2012;169
05.08.2012;168
06.08.2012;168
07.08.2012;167
08.08.2012;168
09.08.2012;169
10.08.2012;169
11.08.2012;169
12.08.2012;168
13.08.2012;168
14.08.2012;167
15.08.2012;166
16.08.2012;166
17.08.2012;166
18.08.2012;166
19.08.2012;167
20.08.2012;167
21.08.2012;166
22.08.2012;166
23.08.2012;167
24.08.2012;168
25.08.2012;170
26.08.2012;170
27.08.2012;171
28.08.2012;171
29.08.2012;171
30.08.2012;171
31.08.2012;170
01.09.2012;170
02.09.2012;171
03.09.2012;171
04.09.2012;170
05.09.2012;170
06.09.2012;170
07.09.2012;170
08.09.2012;170
09.09.2012;170
10.09.2012;169
11.09.2012;169
12.09.2012;168
13.09.2012;167
14.09.2012;167
15.09.2012;167
16.09.2012;167
17.09.2012;166
18.09.2012;165
19.09.2012;164
20.09.2012;163
21.09.2012;162
22.09.2012;161
23.09.2012;160
24.09.2012;160
25.09.2012;160
26.09.2012;159
27.09.2012;158
28.09.2012;157
29.09.2012;156
30.09.2012;157
01.10.2012;157
02.10.2012;156
03.10.2012;156
04.10.2012;155
05.10.2012;154
06.10.2012;152
07.10.2012;151
08.10.2012;149
09.10.2012;148
10.10.2012;147
11.10.2012;145
12.10.2012;142
13.10.2012;140
14.10.2012;137
15.10.2012;134
16.10.2012;131
17.10.2012;130
18.10.2012;128
19.10.2012;126
20.10.2012;123
21.10.2012;121
22.10.2012;117
23.10.2012;114
24.10.2012;110
25.10.2012;106
26.10.2012;105
27.10.2012;103
28.10.2012;101
29.10.2012;98
30.10.2012;96
31.10.2012;94
01.11.2012;92
02.11.2012;91
03.11.2012;96
04.11.2012;101
05.11.2012;104
06.11.2012;114
07.11.2012;119
08.11.2012;122
09.11.2012;123
10.11.2012;123
11.11.2012;123
12.11.2012;124
13.11.2012;125
14.11.2012;124
15.11.2012;124
16.11.2012;122
17.11.2012;120
18.11.2012;117
19.11.2012;114
20.11.2012;111
21.11.2012;107
22.11.2012;103
23.11.2012;99
24.11.2012;96
25.11.2012;93
26.11.2012;90
27.11.2012;87
28.11.2012;84
29.11.2012;84
30.11.2012;90
01.12.2012;102
02.12.2012;98
03.12.2012;94
04.12.2012;89
05.12.2012;87
06.12.2012;83
07.12.2012;79
08.12.2012;77
09.12.2012;81
10.12.2012;89
11.12.2012;84
12.12.2012;79
13.12.2012;77
14.12.2012;75
15.12.2012;77
16.12.2012;87
17.12.2012;80
18.12.2012;76
19.12.2012;74
20.12.2012;73
21.12.2012;73
22.12.2012;72
23.12.2012;70
24.12.2012;69
25.12.2012;69
26.12.2012;70
27.12.2012;72
28.12.2012;76
29.12.2012;78
30.12.2012;78
31.12.2012;79
01.01.2013;82
02.01.2013;93
03.01.2013;101
04.01.2013;106
05.01.2013;107
06.01.2013;107
07.01.2013;105
08.01.2013;101
09.01.2013;100
10.01.2013;100
11.01.2013;105
12.01.2013;115
13.01.2013;118
14.01.2013;116
15.01.2013;111
16.01.2013;106
17.01.2013;102
18.01.2013;98
19.01.2013;93
20.01.2013;90
21.01.2013;87
22.01.2013;85
23.01.2013;82
24.01.2013;80
25.01.2013;77
26.01.2013;74
27.01.2013;72
28.01.2013;69
29.01.2013;68
30.01.2013;68
31.01.2013;69
01.02.2013;68
02.02.2013;66
03.02.2013;64
04.02.2013;62
05.02.2013;61
06.02.2013;59
07.02.2013;57
08.02.2013;54
09.02.2013;51
10.02.2013;49
11.02.2013;49
12.02.2013;48
13.02.2013;46
14.02.2013;44
15.02.2013;43
16.02.2013;42
17.02.2013;44
18.02.2013;42
19.02.2013;41
20.02.2013;53
21.02.2013;49
22.02.2013;51
23.02.2013;45
24.02.2013;45
25.02.2013;44
26.02.2013;44
27.02.2013;43
28.02.2013;41
01.03.2013;40
02.03.2013;40
03.03.2013;49
04.03.2013;51
05.03.2013;42
06.03.2013;39
07.03.2013;39
08.03.2013;46
09.03.2013;41
10.03.2013;44
11.03.2013;41
12.03.2013;40
13.03.2013;39
14.03.2013;38
15.03.2013;38
16.03.2013;39
17.03.2013;38
18.03.2013;38
19.03.2013;38
20.03.2013;37
21.03.2013;38
22.03.2013;38
23.03.2013;36
24.03.2013;36
25.03.2013;36
26.03.2013;36
27.03.2013;35
28.03.2013;33
29.03.2013;31
30.03.2013;28
31.03.2013;24
01.04.2013;23
02.04.2013;23
03.04.2013;24
04.04.2013;20
05.04.2013;19
06.04.2013;21
07.04.2013;22
08.04.2013;20
09.04.2013;20
10.04.2013;20
11.04.2013;20
12.04.2013;23
13.04.2013;37
14.04.2013;59
15.04.2013;81
16.04.2013;107
17.04.2013;130
18.04.2013;150
19.04.2013;165
20.04.2013;176
21.04.2013;182
22.04.2013;186
23.04.2013;190
24.04.2013;192
25.04.2013;193
26.04.2013;192
27.04.2013;188
28.04.2013;183
29.04.2013;177
30.04.2013;170
01.05.2013;160
02.05.2013;151
03.05.2013;143
04.05.2013;135
05.05.2013;128
06.05.2013;120
07.05.2013;113
08.05.2013;107
09.05.2013;101
10.05.2013;95
11.05.2013;91
12.05.2013;86
13.05.2013;82
14.05.2013;79
15.05.2013;76
16.05.2013;74
17.05.2013;72
18.05.2013;70
19.05.2013;68
20.05.2013;67
21.05.2013;68
22.05.2013;69
23.05.2013;74
24.05.2013;80
25.05.2013;84
26.05.2013;87
27.05.2013;89
28.05.2013;91
29.05.2013;93
30.05.2013;94
31.05.2013;95
01.06.2013;97
02.06.2013;98
03.06.2013;100
04.06.2013;102
05.06.2013;104
06.06.2013;105
07.06.2013;107
08.06.2013;109
09.06.2013;111
10.06.2013;112
11.06.2013;113
12.06.2013;114
13.06.2013;115
14.06.2013;116
15.06.2013;118
16.06.2013;118
17.06.2013;119
18.06.2013;120
19.06.2013;122
20.06.2013;124
21.06.2013;125
22.06.2013;126
23.06.2013;128
24.06.2013;128
25.06.2013;129
26.06.2013;130
27.06.2013;131
28.06.2013;131
29.06.2013;131
30.06.2013;131
01.07.2013;131
02.07.2013;131
03.07.2013;129
04.07.2013;125
05.07.2013;123
06.07.2013;122
07.07.2013;122
08.07.2013;125
09.07.2013;128
10.07.2013;128
11.07.2013;127
12.07.2013;127
13.07.2013;126
14.07.2013;125
15.07.2013;125
16.07.2013;124
17.07.2013;124
18.07.2013;124
19.07.2013;126
20.07.2013;128
21.07.2013;129
22.07.2013;129
23.07.2013;130
24.07.2013;132
25.07.2013;133
26.07.2013;134
27.07.2013;135
28.07.2013;135
29.07.2013;135
30.07.2013;135
31.07.2013;135
01.08.2013;136
02.08.2013;136
03.08.2013;137
04.08.2013;137
05.08.2013;138
06.08.2013;138
07.08.2013;138
08.08.2013;137
09.08.2013;137
10.08.2013;137
11.08.2013;139
12.08.2013;139
13.08.2013;139
14.08.2013;140
15.08.2013;140
16.08.2013;140
17.08.2013;140
18.08.2013;140
19.08.2013;139
20.08.2013;139
21.08.2013;140
22.08.2013;140
23.08.2013;139
24.08.2013;139
25.08.2013;138
26.08.2013;138
27.08.2013;138
28.08.2013;137
29.08.2013;137
30.08.2013;136
31.08.2013;136
01.09.2013;136
02.09.2013;137
03.09.2013;137
04.09.2013;136
05.09.2013;136
06.09.2013;135
07.09.2013;134
08.09.2013;133
09.09.2013;133
10.09.2013;133
11.09.2013;132
12.09.2013;131
13.09.2013;130
14.09.2013;129
15.09.2013;128
16.09.2013;127
17.09.2013;126
18.09.2013;125
19.09.2013;125
20.09.2013;124
21.09.2013;123
22.09.2013;122
23.09.2013;121
24.09.2013;120
25.09.2013;119
26.09.2013;117
27.09.2013;115
28.09.2013;114
29.09.2013;112
30.09.2013;111
01.10.2013;109
02.10.2013;107
03.10.2013;105
04.10.2013;102
05.10.2013;100
06.10.2013;98
07.10.2013;96
08.10.2013;94
09.10.2013;91
10.10.2013;88
11.10.2013;83
12.10.2013;79
13.10.2013;74
14.10.2013;70
15.10.2013;65
16.10.2013;61
17.10.2013;57
18.10.2013;55
19.10.2013;52
20.10.2013;50
21.10.2013;47
22.10.2013;44
23.10.2013;42
24.10.2013;41
25.10.2013;40
26.10.2013;39
27.10.2013;40
28.10.2013;41
29.10.2013;40
30.10.2013;38
31.10.2013;38
01.11.2013;37
02.11.2013;36
03.11.2013;37
04.11.2013;43
05.11.2013;52
06.11.2013;52
07.11.2013;51
08.11.2013;51
09.11.2013;50
10.11.2013;53
11.11.2013;52
12.11.2013;52
13.11.2013;52
14.11.2013;51
15.11.2013;50
16.11.2013;51
17.11.2013;51
18.11.2013;49
19.11.2013;48
20.11.2013;47
21.11.2013;45
22.11.2013;44
23.11.2013;43
24.11.2013;42
25.11.2013;40
26.11.2013;37
27.11.2013;36
28.11.2013;37
29.11.2013;36
30.11.2013;35
01.12.2013;34
02.12.2013;32
03.12.2013;33
04.12.2013;35
05.12.2013;41
06.12.2013;45
07.12.2013;44
08.12.2013;44
09.12.2013;43
10.12.2013;42
11.12.2013;42
12.12.2013;43
13.12.2013;44
14.12.2013;45
15.12.2013;50
16.12.2013;45
17.12.2013;42
18.12.2013;43
19.12.2013;44
20.12.2013;44
21.12.2013;44
22.12.2013;44
23.12.2013;44
24.12.2013;44
25.12.2013;44
26.12.2013;42
27.12.2013;41
28.12.2013;41
29.12.2013;40
30.12.2013;40
31.12.2013;40
01.01.2014;39
02.01.2014;38
03.01.2014;37
04.01.2014;36
05.01.2014;37
06.01.2014;37
07.01.2014;36
08.01.2014;39
09.01.2014;43
10.01.2014;49
11.01.2014;56
12.01.2014;59
13.01.2014;58
14.01.2014;76
15.01.2014;81
16.01.2014;80
17.01.2014;77
18.01.2014;73
19.01.2014;69
20.01.2014;65
21.01.2014;61
22.01.2014;58
23.01.2014;56
24.01.2014;54
25.01.2014;52
26.01.2014;50
27.01.2014;50
28.01.2014;48
29.01.2014;46
30.01.2014;45
31.01.2014;44
01.02.2014;43
02.02.2014;42
03.02.2014;42
04.02.2014;42
05.02.2014;42
06.02.2014;41
07.02.2014;41
08.02.2014;41
09.02.2014;39
10.02.2014;38
11.02.2014;38
12.02.2014;37
13.02.2014;36
14.02.2014;34
15.02.2014;31
16.02.2014;29
17.02.2014;30
18.02.2014;32
19.02.2014;31
20.02.2014;31
21.02.2014;31
22.02.2014;32
23.02.2014;33
24.02.2014;34
25.02.2014;34
26.02.2014;33
27.02.2014;33
28.02.2014;33
01.03.2014;32
02.03.2014;31
03.03.2014;30
04.03.2014;30
05.03.2014;29
06.03.2014;28
07.03.2014;28
08.03.2014;28
09.03.2014;27
10.03.2014;27
11.03.2014;28
12.03.2014;28
13.03.2014;29
14.03.2014;28
15.03.2014;30
16.03.2014;31
17.03.2014;33
18.03.2014;32
19.03.2014;32
20.03.2014;32
21.03.2014;32
22.03.2014;34
23.03.2014;34
24.03.2014;34
25.03.2014;36
26.03.2014;38
27.03.2014;38
28.03.2014;38
29.03.2014;38
30.03.2014;38
31.03.2014;39
01.04.2014;37
02.04.2014;37
03.04.2014;36
04.04.2014;36
05.04.2014;35
06.04.2014;33
07.04.2014;34
08.04.2014;36
09.04.2014;37
10.04.2014;35
11.04.2014;34
12.04.2014;33
13.04.2014;33
14.04.2014;34
15.04.2014;36
16.04.2014;36
17.04.2014;35
18.04.2014;35
19.04.2014;35
20.04.2014;34
21.04.2014;33
22.04.2014;32
23.04.2014;31
24.04.2014;29
25.04.2014;28
26.04.2014;29
27.04.2014;29
28.04.2014;29
29.04.2014;27
30.04.2014;23
01.05.2014;20
02.05.2014;20
03.05.2014;19
04.05.2014;19
05.05.2014;18
06.05.2014;18
07.05.2014;18
08.05.2014;20
09.05.2014;22
10.05.2014;25
11.05.2014;31
12.05.2014;33
13.05.2014;51
14.05.2014;68
15.05.2014;69
16.05.2014;69
17.05.2014;69
18.05.2014;70
19.05.2014;71
20.05.2014;73
21.05.2014;75
22.05.2014;77
23.05.2014;80
24.05.2014;84
25.05.2014;86
26.05.2014;88
27.05.2014;89
28.05.2014;88
29.05.2014;87
30.05.2014;88
31.05.2014;89
01.06.2014;90
02.06.2014;91
03.06.2014;93
04.06.2014;97
05.06.2014;98
06.06.2014;100
07.06.2014;102
08.06.2014;102
09.06.2014;104
10.06.2014;105
11.06.2014;107
12.06.2014;108
13.06.2014;108
14.06.2014;109
15.06.2014;110
16.06.2014;111
17.06.2014;111
18.06.2014;111
19.06.2014;114
20.06.2014;118
21.06.2014;122
22.06.2014;124
23.06.2014;128
24.06.2014;132
25.06.2014;135
26.06.2014;138
27.06.2014;141
28.06.2014;143
29.06.2014;145
30.06.2014;147
01.07.2014;151
02.07.2014;155
03.07.2014;157
04.07.2014;160
05.07.2014;162
06.07.2014;165
07.07.2014;167
08.07.2014;167
09.07.2014;168
10.07.2014;168
11.07.2014;166
12.07.2014;165
13.07.2014;165
14.07.2014;165
15.07.2014;166
16.07.2014;168
17.07.2014;169
18.07.2014;169
19.07.2014;170
20.07.2014;169
21.07.2014;169
22.07.2014;169
23.07.2014;168
24.07.2014;169
25.07.2014;169
26.07.2014;168
27.07.2014;168
28.07.2014;168
29.07.2014;168
30.07.2014;167
31.07.2014;167
01.08.2014;167
02.08.2014;166
03.08.2014;165
04.08.2014;164
05.08.2014;163
06.08.2014;163
07.08.2014;162
08.08.2014;162
09.08.2014;162
10.08.2014;162
11.08.2014;162
12.08.2014;162
13.08.2014;161
14.08.2014;159
15.08.2014;158
16.08.2014;158
17.08.2014;157
18.08.2014;157
19.08.2014;156
20.08.2014;156
21.08.2014;155
22.08.2014;154
23.08.2014;153
24.08.2014;153
25.08.2014;155
26.08.2014;158
27.08.2014;158
28.08.2014;158
29.08.2014;160
30.08.2014;161
31.08.2014;161
01.09.2014;162
02.09.2014;162
03.09.2014;162
04.09.2014;163
05.09.2014;164
06.09.2014;164
07.09.2014;164
08.09.2014;164
09.09.2014;164
10.09.2014;164
11.09.2014;164
12.09.2014;164
13.09.2014;164
14.09.2014;163
15.09.2014;161
16.09.2014;160
17.09.2014;159
18.09.2014;158
19.09.2014;157
20.09.2014;155
21.09.2014;154
22.09.2014;153
23.09.2014;152
24.09.2014;149
25.09.2014;147
26.09.2014;145
27.09.2014;144
28.09.2014;142
29.09.2014;141
30.09.2014;139
01.10.2014;136
02.10.2014;133
03.10.2014;131
04.10.2014;129
05.10.2014;127
06.10.2014;123
07.10.2014;120
08.10.2014;117
09.10.2014;115
10.10.2014;116
11.10.2014;117
12.10.2014;115
13.10.2014;113
14.10.2014;112
15.10.2014;110
16.10.2014;107
17.10.2014;103
18.10.2014;99
19.10.2014;95
20.10.2014;97
21.10.2014;100
22.10.2014;97
23.10.2014;93
24.10.2014;90
25.10.2014;88
26.10.2014;86
27.10.2014;85
28.10.2014;86
29.10.2014;84
30.10.2014;80
31.10.2014;78
01.11.2014;75
02.11.2014;73
03.11.2014;72
04.11.2014;72
05.11.2014;70
06.11.2014;68
07.11.2014;68
08.11.2014;70
09.11.2014;70
10.11.2014;67
11.11.2014;67
12.11.2014;67
13.11.2014;66
14.11.2014;64
15.11.2014;62
16.11.2014;59
17.11.2014;57
18.11.2014;55
19.11.2014;51
20.11.2014;48
21.11.2014;47
22.11.2014;47
23.11.2014;48
24.11.2014;47
25.11.2014;44
26.11.2014;43
27.11.2014;41
28.11.2014;39
29.11.2014;48
30.11.2014;53
01.12.2014;47
02.12.2014;44
03.12.2014;43
04.12.2014;43
05.12.2014;43
06.12.2014;41
07.12.2014;41
08.12.2014;39
09.12.2014;37
10.12.2014;37
11.12.2014;36
12.12.2014;36
13.12.2014;37
14.12.2014;42
15.12.2014;43
16.12.2014;43
17.12.2014;43
18.12.2014;44
19.12.2014;46
20.12.2014;49
21.12.2014;51
22.12.2014;52
23.12.2014;55
24.12.2014;57
25.12.2014;57
26.12.2014;71
27.12.2014;81
28.12.2014;75
29.12.2014;69
30.12.2014;66
31.12.2014;66
01.01.2015;65
02.01.2015;69
03.01.2015;75
04.01.2015;79
05.01.2015;80
06.01.2015;97
07.01.2015;105
08.01.2015;101
09.01.2015;97
10.01.2015;92
11.01.2015;89
12.01.2015;86
13.01.2015;86
14.01.2015;87
15.01.2015;92
16.01.2015;92
17.01.2015;95
18.01.2015;98
19.01.2015;98
20.01.2015;97
21.01.2015;95
22.01.2015;92
23.01.2015;90
24.01.2015;86
25.01.2015;83
26.01.2015;80
27.01.2015;77
28.01.2015;74
29.01.2015;72
30.01.2015;69
31.01.2015;67
01.02.2015;67
02.02.2015;68
03.02.2015;66
04.02.2015;64
05.02.2015;66
06.02.2015;73
07.02.2015;68
08.02.2015;61
09.02.2015;65
10.02.2015;63
11.02.2015;57
12.02.2015;54
13.02.2015;53
14.02.2015;51
15.02.2015;49
16.02.2015;57
17.02.2015;55
18.02.2015;51
19.02.2015;50
20.02.2015;49
21.02.2015;49
22.02.2015;49
23.02.2015;50
24.02.2015;52
25.02.2015;57
26.02.2015;60
27.02.2015;61
28.02.2015;62
01.03.2015;64
02.03.2015;66
03.03.2015;71
04.03.2015;75
05.03.2015;77
06.03.2015;78
07.03.2015;80
08.03.2015;82
09.03.2015;84
10.03.2015;86
11.03.2015;87
12.03.2015;88
13.03.2015;89
14.03.2015;90
15.03.2015;91
16.03.2015;90
17.03.2015;90
18.03.2015;88
19.03.2015;85
20.03.2015;82
21.03.2015;79
22.03.2015;75
23.03.2015;72
24.03.2015;69
25.03.2015;67
26.03.2015;64
27.03.2015;61
28.03.2015;60
29.03.2015;60
30.03.2015;60
31.03.2015;60
01.04.2015;60
02.04.2015;61
03.04.2015;62
04.04.2015;63
05.04.2015;66
06.04.2015;69
07.04.2015;70
08.04.2015;72
09.04.2015;71
10.04.2015;68
11.04.2015;64
12.04.2015;62
13.04.2015;60
14.04.2015;60
15.04.2015;60
16.04.2015;66
17.04.2015;76
18.04.2015;78
19.04.2015;77
20.04.2015;79
21.04.2015;81
22.04.2015;81
23.04.2015;79
24.04.2015;75
25.04.2015;72
26.04.2015;72
27.04.2015;74
28.04.2015;75
29.04.2015;71
30.04.2015;70
01.05.2015;69
02.05.2015;67
03.05.2015;64
04.05.2015;64
05.05.2015;63
06.05.2015;62
07.05.2015;64
08.05.2015;67
09.05.2015;68
10.05.2015;70
11.05.2015;71
12.05.2015;71
13.05.2015;71
14.05.2015;70
15.05.2015;70
16.05.2015;68
17.05.2015;67
18.05.2015;66
19.05.2015;66
20.05.2015;69
21.05.2015;69
22.05.2015;69
23.05.2015;71
24.05.2015;72
25.05.2015;74
26.05.2015;75
27.05.2015;75
28.05.2015;76
29.05.2015;77
30.05.2015;78
31.05.2015;79
01.06.2015;81
02.06.2015;82
03.06.2015;83
04.06.2015;84
05.06.2015;86
06.06.2015;87
07.06.2015;88
08.06.2015;89
09.06.2015;91
10.06.2015;92
11.06.2015;93
12.06.2015;95
13.06.2015;96
14.06.2015;97
15.06.2015;99
16.06.2015;100
17.06.2015;101
18.06.2015;103
19.06.2015;104
20.06.2015;106
21.06.2015;108
22.06.2015;110
23.06.2015;112
24.06.2015;115
25.06.2015;116
26.06.2015;117
27.06.2015;118
28.06.2015;119
29.06.2015;120
30.06.2015;121
01.07.2015;122
02.07.2015;123
03.07.2015;123
04.07.2015;124
05.07.2015;124
06.07.2015;125
07.07.2015;127
08.07.2015;129
09.07.2015;131
10.07.2015;133
11.07.2015;136
12.07.2015;137
13.07.2015;138
14.07.2015;139
15.07.2015;140
16.07.2015;140
17.07.2015;141
18.07.2015;142
19.07.2015;142
20.07.2015;142
21.07.2015;142
22.07.2015;142
23.07.2015;142
24.07.2015;142
25.07.2015;141
26.07.2015;141
27.07.2015;140
28.07.2015;139
29.07.2015;139
30.07.2015;140
31.07.2015;141
01.08.2015;141
02.08.2015;142
03.08.2015;142
04.08.2015;141
05.08.2015;141
06.08.2015;140
07.08.2015;140
08.08.2015;140
09.08.2015;140
10.08.2015;139
11.08.2015;139
12.08.2015;138
13.08.2015;140
14.08.2015;140
15.08.2015;139
16.08.2015;139
17.08.2015;138
18.08.2015;137
19.08.2015;136
20.08.2015;136
21.08.2015;135
22.08.2015;134
23.08.2015;134
24.08.2015;133
25.08.2015;132
26.08.2015;131
27.08.2015;130
28.08.2015;130
29.08.2015;129
30.08.2015;129
31.08.2015;128
01.09.2015;128
02.09.2015;128
03.09.2015;128
04.09.2015;128
05.09.2015;128
06.09.2015;127
07.09.2015;126
08.09.2015;126
09.09.2015;126
10.09.2015;125
11.09.2015;124
12.09.2015;123
13.09.2015;122
14.09.2015;121
15.09.2015;120
16.09.2015;119
17.09.2015;118
18.09.2015;117
19.09.2015;116
20.09.2015;115
21.09.2015;114
22.09.2015;114
23.09.2015;113
24.09.2015;112
25.09.2015;111
26.09.2015;110
27.09.2015;109
28.09.2015;107
29.09.2015;105
30.09.2015;103
01.10.2015;99
02.10.2015;96
03.10.2015;94
04.10.2015;91
05.10.2015;89
06.10.2015;85
07.10.2015;82
08.10.2015;79
09.10.2015;76
10.10.2015;73
11.10.2015;71
12.10.2015;68
13.10.2015;65
14.10.2015;63
15.10.2015;60
16.10.2015;57
17.10.2015;55
18.10.2015;53
19.10.2015;51
20.10.2015;49
21.10.2015;47
22.10.2015;45
23.10.2015;44
24.10.2015;42
25.10.2015;41
26.10.2015;40
27.10.2015;39
28.10.2015;38
29.10.2015;37
30.10.2015;36
31.10.2015;35
01.11.2015;34
02.11.2015;34
03.11.2015;34
04.11.2015;34
05.11.2015;33
06.11.2015;32
07.11.2015;31
08.11.2015;32
09.11.2015;33
10.11.2015;35
11.11.2015;35
12.11.2015;36
13.11.2015;37
14.11.2015;38
15.11.2015;40
16.11.2015;41
17.11.2015;42
18.11.2015;43
19.11.2015;44
20.11.2015;45
21.11.2015;45
22.11.2015;45
23.11.2015;43
24.11.2015;42
25.11.2015;41
26.11.2015;40
27.11.2015;39
28.11.2015;38
29.11.2015;37
30.11.2015;37
01.12.2015;36
02.12.2015;35
03.12.2015;35
04.12.2015;35
05.12.2015;35
06.12.2015;39
07.12.2015;45
08.12.2015;47
09.12.2015;46
10.12.2015;46
11.12.2015;47
12.12.2015;49
13.12.2015;50
14.12.2015;51
15.12.2015;51
16.12.2015;50
17.12.2015;50
18.12.2015;50
19.12.2015;50
20.12.2015;49
21.12.2015;49
22.12.2015;50
23.12.2015;49
24.12.2015;50
25.12.2015;51
26.12.2015;51
27.12.2015;51
28.12.2015;52
29.12.2015;57
30.12.2015;52
31.12.2015;50
01.01.2016;48
02.01.2016;48
03.01.2016;47
04.01.2016;45
05.01.2016;43
06.01.2016;43
07.01.2016;42
08.01.2016;42
09.01.2016;41
10.01.2016;40
11.01.2016;40
12.01.2016;39
13.01.2016;38
14.01.2016;38
15.01.2016;37
16.01.2016;37
17.01.2016;36
18.01.2016;36
19.01.2016;34
20.01.2016;33
21.01.2016;33
22.01.2016;33
23.01.2016;37
24.01.2016;34
25.01.2016;33
26.01.2016;33
27.01.2016;34
28.01.2016;43
29.01.2016;49
30.01.2016;48
31.01.2016;55
01.02.2016;57
02.02.2016;59
03.02.2016;68
04.02.2016;76
05.02.2016;79
06.02.2016;81
07.02.2016;84
08.02.2016;86
09.02.2016;88
10.02.2016;90
11.02.2016;91
12.02.2016;91
13.02.2016;92
14.02.2016;92
15.02.2016;91
16.02.2016;90
17.02.2016;88
18.02.2016;85
19.02.2016;82
20.02.2016;80
21.02.2016;77
22.02.2016;74
23.02.2016;73
24.02.2016;72
25.02.2016;71
26.02.2016;69
27.02.2016;67
28.02.2016;64
29.02.2016;61
01.03.2016;59
02.03.2016;56
03.03.2016;54
04.03.2016;51
05.03.2016;49
06.03.2016;48
07.03.2016;46
08.03.2016;52
09.03.2016;62
10.03.2016;66
11.03.2016;66
12.03.2016;65
13.03.2016;65
14.03.2016;65
15.03.2016;66
16.03.2016;65
17.03.2016;65
18.03.2016;67
19.03.2016;67
20.03.2016;66
21.03.2016;66
22.03.2016;65
23.03.2016;62
24.03.2016;60
25.03.2016;57
26.03.2016;54
27.03.2016;52
28.03.2016;51
29.03.2016;49
30.03.2016;48
31.03.2016;49
01.04.2016;52
02.04.2016;53
03.04.2016;54
04.04.2016;56
05.04.2016;57
06.04.2016;60
07.04.2016;64
08.04.2016;67
09.04.2016;69
10.04.2016;71
11.04.2016;73
12.04.2016;74
13.04.2016;74
14.04.2016;87
15.04.2016;102
16.04.2016;105
17.04.2016;107
18.04.2016;109
19.04.2016;111
20.04.2016;113
21.04.2016;114
22.04.2016;113
23.04.2016;111
24.04.2016;108
25.04.2016;105
26.04.2016;105
27.04.2016;112
28.04.2016;113
29.04.2016;113
30.04.2016;113
01.05.2016;111
02.05.2016;109
03.05.2016;107
04.05.2016;104
05.05.2016;100
06.05.2016;96
07.05.2016;92
08.05.2016;87
09.05.2016;84
10.05.2016;81
11.05.2016;77
12.05.2016;74
13.05.2016;72
14.05.2016;69
15.05.2016;66
16.05.2016;64
17.05.2016;63
18.05.2016;61
19.05.2016;60
20.05.2016;59
21.05.2016;58
22.05.2016;59
23.05.2016;59
24.05.2016;59
25.05.2016;60
26.05.2016;60
27.05.2016;61
28.05.2016;62
29.05.2016;63
30.05.2016;65
31.05.2016;66
01.06.2016;68
02.06.2016;70
03.06.2016;71
04.06.2016;73
05.06.2016;74
06.06.2016;76
07.06.2016;78
08.06.2016;79
09.06.2016;81
10.06.2016;83
11.06.2016;87
12.06.2016;93
13.06.2016;96
14.06.2016;98
15.06.2016;100
16.06.2016;103
17.06.2016;106
18.06.2016;109
19.06.2016;110
20.06.2016;111
21.06.2016;112
22.06.2016;115
23.06.2016;116
24.06.2016;117
25.06.2016;117
26.06.2016;118
27.06.2016;129
28.06.2016;136
29.06.2016;135
30.06.2016;135
01.07.2016;135
02.07.2016;135
03.07.2016;136
04.07.2016;149
05.07.2016;156
06.07.2016;156
07.07.2016;154
08.07.2016;153
09.07.2016;153
10.07.2016;152
11.07.2016;153
12.07.2016;153
13.07.2016;152
14.07.2016;152
15.07.2016;153
16.07.2016;152
17.07.2016;151
18.07.2016;150
19.07.2016;149
20.07.2016;148
21.07.2016;148
22.07.2016;150
23.07.2016;151
24.07.2016;150
25.07.2016;149
26.07.2016;148
27.07.2016;146
28.07.2016;145
29.07.2016;144
30.07.2016;143
31.07.2016;142
01.08.2016;143
02.08.2016;148
03.08.2016;148
04.08.2016;147
05.08.2016;146
06.08.2016;146
07.08.2016;148
08.08.2016;152
09.08.2016;152
10.08.2016;152
11.08.2016;152
12.08.2016;152
13.08.2016;152
14.08.2016;152
15.08.2016;151
16.08.2016;151
17.08.2016;153
18.08.2016;155
19.08.2016;157
20.08.2016;158
21.08.2016;157
22.08.2016;157
23.08.2016;162
24.08.2016;166
25.08.2016;166
26.08.2016;164
27.08.2016;163
28.08.2016;161
29.08.2016;159
30.08.2016;158
31.08.2016;157
01.09.2016;155
02.09.2016;153
03.09.2016;151
04.09.2016;150
05.09.2016;149
06.09.2016;147
07.09.2016;145
08.09.2016;144
09.09.2016;142
10.09.2016;139
11.09.2016;137
12.09.2016;135
13.09.2016;132
14.09.2016;129
15.09.2016;127
16.09.2016;124
17.09.2016;122
18.09.2016;119
19.09.2016;116
20.09.2016;113
21.09.2016;110
22.09.2016;107
23.09.2016;104
24.09.2016;101
25.09.2016;97
26.09.2016;93
27.09.2016;90
28.09.2016;87
29.09.2016;84
30.09.2016;82
01.10.2016;79
02.10.2016;77
03.10.2016;76
04.10.2016;73
05.10.2016;70
06.10.2016;67
07.10.2016;64
08.10.2016;63
09.10.2016;64
10.10.2016;62
11.10.2016;60
12.10.2016;58
13.10.2016;55
14.10.2016;53
15.10.2016;51
16.10.2016;50
17.10.2016;48
18.10.2016;46
19.10.2016;44
20.10.2016;42
21.10.2016;41
22.10.2016;39
23.10.2016;38
24.10.2016;37
25.10.2016;36
26.10.2016;36
27.10.2016;36
28.10.2016;39
29.10.2016;43
30.10.2016;50
31.10.2016;54
01.11.2016;55
02.11.2016;56
03.11.2016;56
04.11.2016;56
05.11.2016;56
06.11.2016;56
07.11.2016;56
08.11.2016;55
09.11.2016;54
10.11.2016;53
11.11.2016;52
12.11.2016;51
13.11.2016;50
14.11.2016;49
15.11.2016;48
16.11.2016;49
17.11.2016;50
18.11.2016;59
19.11.2016;69
20.11.2016;82
21.11.2016;91
22.11.2016;92
23.11.2016;93
24.11.2016;97
25.11.2016;102
26.11.2016;107
27.11.2016;114
28.11.2016;116
29.11.2016;116
30.11.2016;121
01.12.2016;116
02.12.2016;111
03.12.2016;108
04.12.2016;104
05.12.2016;102
06.12.2016;101
07.12.2016;113
08.12.2016;109
09.12.2016;106
10.12.2016;106
11.12.2016;117
12.12.2016;122
13.12.2016;115
14.12.2016;106
15.12.2016;98
16.12.2016;92
17.12.2016;85
18.12.2016;79
19.12.2016;74
20.12.2016;71
21.12.2016;69
22.12.2016;68
23.12.2016;68
24.12.2016;69
25.12.2016;70
26.12.2016;71
27.12.2016;73
28.12.2016;73
29.12.2016;72
30.12.2016;72
31.12.2016;73
01.01.2017;81
02.01.2017;96
03.01.2017;99
04.01.2017;101
05.01.2017;121
06.01.2017;127
07.01.2017;124
08.01.2017;118
09.01.2017;112
10.01.2017;105
11.01.2017;99
12.01.2017;93
13.01.2017;88
14.01.2017;84
15.01.2017;80
16.01.2017;76
17.01.2017;72
18.01.2017;68
19.01.2017;65
20.01.2017;60
21.01.2017;54
22.01.2017;50
23.01.2017;49
24.01.2017;48
25.01.2017;47
26.01.2017;59
27.01.2017;50
28.01.2017;44
29.01.2017;41
30.01.2017;40
31.01.2017;39
01.02.2017;38
02.02.2017;38
03.02.2017;37
04.02.2017;36
05.02.2017;36
06.02.2017;50
07.02.2017;57
08.02.2017;48
09.02.2017;44
10.02.2017;44
11.02.2017;43
12.02.2017;43
13.02.2017;42
14.02.2017;40
15.02.2017;38
16.02.2017;36
17.02.2017;34
18.02.2017;31
19.02.2017;29
20.02.2017;36
21.02.2017;50
22.02.2017;48
23.02.2017;46
24.02.2017;47
25.02.2017;47
26.02.2017;47
27.02.2017;47
28.02.2017;47
01.03.2017;51
02.03.2017;54
03.03.2017;56
04.03.2017;59
05.03.2017;66
06.03.2017;65
07.03.2017;65
08.03.2017;63
09.03.2017;62
10.03.2017;61
11.03.2017;61
12.03.2017;61
13.03.2017;60
14.03.2017;59
15.03.2017;59
16.03.2017;62
17.03.2017;63
18.03.2017;72
19.03.2017;76
20.03.2017;76
21.03.2017;77
22.03.2017;78
23.03.2017;80
24.03.2017;79
25.03.2017;79
26.03.2017;78
27.03.2017;77
28.03.2017;76
29.03.2017;75
30.03.2017;73
31.03.2017;71
01.04.2017;69
02.04.2017;68
03.04.2017;67
04.04.2017;66
05.04.2017;65
06.04.2017;65
07.04.2017;65
08.04.2017;64
09.04.2017;63
10.04.2017;62
11.04.2017;62
12.04.2017;61
13.04.2017;61
14.04.2017;62
15.04.2017;61
16.04.2017;60
17.04.2017;59
18.04.2017;58
19.04.2017;57
20.04.2017;55
21.04.2017;55
22.04.2017;56
23.04.2017;59
24.04.2017;60
25.04.2017;62
26.04.2017;70
27.04.2017;73
28.04.2017;72
29.04.2017;75
30.04.2017;79
01.05.2017;79
02.05.2017;78
03.05.2017;78
04.05.2017;77
05.05.2017;75
06.05.2017;73
07.05.2017;70
08.05.2017;68
09.05.2017;65
10.05.2017;63
11.05.2017;60
12.05.2017;57
13.05.2017;54
14.05.2017;51
15.05.2017;49
16.05.2017;48
17.05.2017;46
18.05.2017;45
19.05.2017;43
20.05.2017;42
21.05.2017;41
22.05.2017;40
23.05.2017;40
24.05.2017;41
25.05.2017;41
26.05.2017;41
27.05.2017;41
28.05.2017;41
29.05.2017;43
30.05.2017;45
31.05.2017;46
01.06.2017;47
02.06.2017;46
03.06.2017;46
04.06.2017;46
05.06.2017;48
06.06.2017;49
07.06.2017;50
08.06.2017;53
09.06.2017;57
10.06.2017;58
11.06.2017;59
12.06.2017;63
13.06.2017;67
14.06.2017;71
15.06.2017;74
16.06.2017;77
17.06.2017;80
18.06.2017;83
19.06.2017;86
20.06.2017;88
21.06.2017;91
22.06.2017;93
23.06.2017;95
24.06.2017;96
25.06.2017;97
26.06.2017;100
27.06.2017;102
28.06.2017;103
29.06.2017;104
30.06.2017;105
01.07.2017;108
02.07.2017;110
03.07.2017;112
04.07.2017;114
05.07.2017;117
06.07.2017;119
07.07.2017;120
08.07.2017;120
09.07.2017;121
10.07.2017;121
11.07.2017;122
12.07.2017;126
13.07.2017;131
14.07.2017;135
15.07.2017;137
16.07.2017;137
17.07.2017;137
18.07.2017;138
19.07.2017;141
20.07.2017;142
21.07.2017;141
22.07.2017;141
23.07.2017;141
24.07.2017;140
25.07.2017;140
26.07.2017;140
27.07.2017;140
28.07.2017;140
29.07.2017;139
30.07.2017;139
31.07.2017;139
01.08.2017;139
02.08.2017;140
03.08.2017;140
04.08.2017;142
05.08.2017;143
06.08.2017;143
07.08.2017;143
08.08.2017;142
09.08.2017;142
10.08.2017;141
11.08.2017;140
12.08.2017;140
13.08.2017;142
14.08.2017;142
15.08.2017;141
16.08.2017;141
17.08.2017;138
18.08.2017;137
19.08.2017;137
20.08.2017;138
21.08.2017;140
22.08.2017;141
23.08.2017;142
24.08.2017;147
25.08.2017;150
26.08.2017;150
27.08.2017;151
28.08.2017;150
29.08.2017;150
30.08.2017;150
31.08.2017;149
01.09.2017;148
02.09.2017;148
03.09.2017;150
04.09.2017;150
05.09.2017;150
06.09.2017;149
07.09.2017;148
08.09.2017;147
09.09.2017;146
10.09.2017;145
11.09.2017;147
12.09.2017;147
13.09.2017;153
14.09.2017;158
15.09.2017;158
16.09.2017;159
17.09.2017;159
18.09.2017;162
19.09.2017;173
20.09.2017;177
21.09.2017;178
22.09.2017;179
23.09.2017;179
24.09.2017;179
25.09.2017;178
26.09.2017;176
27.09.2017;174
28.09.2017;171
29.09.2017;167
30.09.2017;164
01.10.2017;160
02.10.2017;156
03.10.2017;152
04.10.2017;149
05.10.2017;146
06.10.2017;143
07.10.2017;140
08.10.2017;139
09.10.2017;138
10.10.2017;138
11.10.2017;140
12.10.2017;141
13.10.2017;143
14.10.2017;144
15.10.2017;144
16.10.2017;143
17.10.2017;142
18.10.2017;141
19.10.2017;140
20.10.2017;137
21.10.2017;134
22.10.2017;130
23.10.2017;126
24.10.2017;122
25.10.2017;118
26.10.2017;114
27.10.2017;111
28.10.2017;108
29.10.2017;107
30.10.2017;106
31.10.2017;105
01.11.2017;104
02.11.2017;103
03.11.2017;101
04.11.2017;99
05.11.2017;97
06.11.2017;95
07.11.2017;93
08.11.2017;91
09.11.2017;89
10.11.2017;87
11.11.2017;85
12.11.2017;85
13.11.2017;85
14.11.2017;85
15.11.2017;84
16.11.2017;84
17.11.2017;84
18.11.2017;84
19.11.2017;84
20.11.2017;84
21.11.2017;85
22.11.2017;84
23.11.2017;84
24.11.2017;82
25.11.2017;81
26.11.2017;84
27.11.2017;86
28.11.2017;86
29.11.2017;85
30.11.2017;85
01.12.2017;86
02.12.2017;87
03.12.2017;87
04.12.2017;87
05.12.2017;85
06.12.2017;85
07.12.2017;84
08.12.2017;84
09.12.2017;87
10.12.2017;88
11.12.2017;88
12.12.2017;87
13.12.2017;91
14.12.2017;94
15.12.2017;94
16.12.2017;94
17.12.2017;93
18.12.2017;93
19.12.2017;91
20.12.2017;90
21.12.2017;88
22.12.2017;88
23.12.2017;86
24.12.2017;85
25.12.2017;89
26.12.2017;95
27.12.2017;98
28.12.2017;98
29.12.2017;98
30.12.2017;101
31.12.2017;103
01.01.2018;104
02.01.2018;108
03.01.2018;109
04.01.2018;111
05.01.2018;111
06.01.2018;112
07.01.2018;112
08.01.2018;112
09.01.2018;112
10.01.2018;108
11.01.2018;105
12.01.2018;103
13.01.2018;120
14.01.2018;123
15.01.2018;120
16.01.2018;116
17.01.2018;112
18.01.2018;106
19.01.2018;99
20.01.2018;93
21.01.2018;87
22.01.2018;83
23.01.2018;80
24.01.2018;77
25.01.2018;76
26.01.2018;75
27.01.2018;74
28.01.2018;72
29.01.2018;70
30.01.2018;68
31.01.2018;65
01.02.2018;65
02.02.2018;62
03.02.2018;59
04.02.2018;58
05.02.2018;77
06.02.2018;81
07.02.2018;78
08.02.2018;74
09.02.2018;69
10.02.2018;65
11.02.2018;62
12.02.2018;59
13.02.2018;57
14.02.2018;55
15.02.2018;58
16.02.2018;55
17.02.2018;52
18.02.2018;52
19.02.2018;52
20.02.2018;51
21.02.2018;52
22.02.2018;51
23.02.2018;49
24.02.2018;48
25.02.2018;47
26.02.2018;46
27.02.2018;45
28.02.2018;44
01.03.2018;44
02.03.2018;44
03.03.2018;44
04.03.2018;44
05.03.2018;44
06.03.2018;44
07.03.2018;44
08.03.2018;44
09.03.2018;45
10.03.2018;46
11.03.2018;46
12.03.2018;46
13.03.2018;47
14.03.2018;65
15.03.2018;69
16.03.2018;64
17.03.2018;63
18.03.2018;58
19.03.2018;54
20.03.2018;49
21.03.2018;44
22.03.2018;41
23.03.2018;39
24.03.2018;37
25.03.2018;36
26.03.2018;35
27.03.2018;35
28.03.2018;33
29.03.2018;31
30.03.2018;30
31.03.2018;29
01.04.2018;29
02.04.2018;31
03.04.2018;34
04.04.2018;38
05.04.2018;44
06.04.2018;56
07.04.2018;68
08.04.2018;73
09.04.2018;79
10.04.2018;86
11.04.2018;90
12.04.2018;93
13.04.2018;97
14.04.2018;98
15.04.2018;98
16.04.2018;98
17.04.2018;100
18.04.2018;107
19.04.2018;107
20.04.2018;106
21.04.2018;105
22.04.2018;103
23.04.2018;100
24.04.2018;96
25.04.2018;93
26.04.2018;91
27.04.2018;88
28.04.2018;85
29.04.2018;82
30.04.2018;79
01.05.2018;80
02.05.2018;79
03.05.2018;77
04.05.2018;76
05.05.2018;74
06.05.2018;71
07.05.2018;68
08.05.2018;65
09.05.2018;63
10.05.2018;62
11.05.2018;60
12.05.2018;57
13.05.2018;55
14.05.2018;53
15.05.2018;52
16.05.2018;52
17.05.2018;51
18.05.2018;52
19.05.2018;53
20.05.2018;54
21.05.2018;55
22.05.2018;56
23.05.2018;57
24.05.2018;58
25.05.2018;60
26.05.2018;62
27.05.2018;64
28.05.2018;66
29.05.2018;67
30.05.2018;69
31.05.2018;70
01.06.2018;71
02.06.2018;72
03.06.2018;73
04.06.2018;75
05.06.2018;76
06.06.2018;77
07.06.2018;77
08.06.2018;79
09.06.2018;79
10.06.2018;80
11.06.2018;80
12.06.2018;82
13.06.2018;84
14.06.2018;86
15.06.2018;87
16.06.2018;88
17.06.2018;89
18.06.2018;90
19.06.2018;92
20.06.2018;93
21.06.2018;94
22.06.2018;97
23.06.2018;99
24.06.2018;101
25.06.2018;105
26.06.2018;107
27.06.2018;108
28.06.2018;108
29.06.2018;108
30.06.2018;109
01.07.2018;109
02.07.2018;109
03.07.2018;111
04.07.2018;112
05.07.2018;112
06.07.2018;113
07.07.2018;113
08.07.2018;113
09.07.2018;114
10.07.2018;114
11.07.2018;115
12.07.2018;115
13.07.2018;115
14.07.2018;115
15.07.2018;115
16.07.2018;115
17.07.2018;116
18.07.2018;115
19.07.2018;116
20.07.2018;117
21.07.2018;117
22.07.2018;117
23.07.2018;117
24.07.2018;118
25.07.2018;118
26.07.2018;118
27.07.2018;118
28.07.2018;118
29.07.2018;118
30.07.2018;118
31.07.2018;119
01.08.2018;119
02.08.2018;119
03.08.2018;119
04.08.2018;120
05.08.2018;120
06.08.2018;120
07.08.2018;119
08.08.2018;119
09.08.2018;119
10.08.2018;119
11.08.2018;118
12.08.2018;119
13.08.2018;121
14.08.2018;121
15.08.2018;123
16.08.2018;123
17.08.2018;123
18.08.2018;123
19.08.2018;123
20.08.2018;125
21.08.2018;127
22.08.2018;126
23.08.2018;126
24.08.2018;125
25.08.2018;126
26.08.2018;128
27.08.2018;128
28.08.2018;126
29.08.2018;124
30.08.2018;123
31.08.2018;121
01.09.2018;121
02.09.2018;120
03.09.2018;119
04.09.2018;119
05.09.2018;118
06.09.2018;117
07.09.2018;116
08.09.2018;114
09.09.2018;113
10.09.2018;112
11.09.2018;111
12.09.2018;110
13.09.2018;108
14.09.2018;106
15.09.2018;105
16.09.2018;103
17.09.2018;101
18.09.2018;100
19.09.2018;98
20.09.2018;97
21.09.2018;96
22.09.2018;94
23.09.2018;94
24.09.2018;96
25.09.2018;94
26.09.2018;93
27.09.2018;94
28.09.2018;97
29.09.2018;97
30.09.2018;96
01.10.2018;94
02.10.2018;93
03.10.2018;91
04.10.2018;90
05.10.2018;89
06.10.2018;88
07.10.2018;87
08.10.2018;85
09.10.2018;82
10.10.2018;79
11.10.2018;75
12.10.2018;72
13.10.2018;68
14.10.2018;64
15.10.2018;60
16.10.2018;56
17.10.2018;52
18.10.2018;49
19.10.2018;46
20.10.2018;43
21.10.2018;40
22.10.2018;38
23.10.2018;38
24.10.2018;38
25.10.2018;38
26.10.2018;38
27.10.2018;40
28.10.2018;51
29.10.2018;52
30.10.2018;51
31.10.2018;50
01.11.2018;51
02.11.2018;51
03.11.2018;50
04.11.2018;49
05.11.2018;49
06.11.2018;48
07.11.2018;47
08.11.2018;46
09.11.2018;44
10.11.2018;44
11.11.2018;43
12.11.2018;42
13.11.2018;41
14.11.2018;46
15.11.2018;47
16.11.2018;47
17.11.2018;45
18.11.2018;45
19.11.2018;44
20.11.2018;43
21.11.2018;43
22.11.2018;42
23.11.2018;41
24.11.2018;40
25.11.2018;39
26.11.2018;38
27.11.2018;37
28.11.2018;35
29.11.2018;43
30.11.2018;50
01.12.2018;57
02.12.2018;49
03.12.2018;45
04.12.2018;44
05.12.2018;43
06.12.2018;40
07.12.2018;38
08.12.2018;36
09.12.2018;34
10.12.2018;33
11.12.2018;31
12.12.2018;31
13.12.2018;31
14.12.2018;30
15.12.2018;30
16.12.2018;30
17.12.2018;33
18.12.2018;36
19.12.2018;33
20.12.2018;32
21.12.2018;51
22.12.2018;57
23.12.2018;52
24.12.2018;48
25.12.2018;43
26.12.2018;41
27.12.2018;39
28.12.2018;36
29.12.2018;33
30.12.2018;30
31.12.2018;28
01.01.2019;28
02.01.2019;30
03.01.2019;32
04.01.2019;45
05.01.2019;52
06.01.2019;51
07.01.2019;48
08.01.2019;44
09.01.2019;39
10.01.2019;37
11.01.2019;39
12.01.2019;38
13.01.2019;37
14.01.2019;37
15.01.2019;36
16.01.2019;35
17.01.2019;38
18.01.2019;38
19.01.2019;40
20.01.2019;39
21.01.2019;41
22.01.2019;42
23.01.2019;40
24.01.2019;39
25.01.2019;38
26.01.2019;38
27.01.2019;39
28.01.2019;38
29.01.2019;39
30.01.2019;40
31.01.2019;39
01.02.2019;39
02.02.2019;39
03.02.2019;41
04.02.2019;44
05.02.2019;44
06.02.2019;44
07.02.2019;44
08.02.2019;43
09.02.2019;41
10.02.2019;40
11.02.2019;41
12.02.2019;44
13.02.2019;45
14.02.2019;44
15.02.2019;45
16.02.2019;58
17.02.2019;67
18.02.2019;67
19.02.2019;65
20.02.2019;71
21.02.2019;77
22.02.2019;79
23.02.2019;76
24.02.2019;68
25.02.2019;63
26.02.2019;62
27.02.2019;62
28.02.2019;60
01.03.2019;61
02.03.2019;59
03.03.2019;57
04.03.2019;56
05.03.2019;62
06.03.2019;72
07.03.2019;71
08.03.2019;73
09.03.2019;85
10.03.2019;93
11.03.2019;99
12.03.2019;100
13.03.2019;100
14.03.2019;99
15.03.2019;101
16.03.2019;104
17.03.2019;107
18.03.2019;111
19.03.2019;116
20.03.2019;119
21.03.2019;122
22.03.2019;126
23.03.2019;129
24.03.2019;131
25.03.2019;133
26.03.2019;135
27.03.2019;136
28.03.2019;136
29.03.2019;135
30.03.2019;133
31.03.2019;129
01.04.2019;121
02.04.2019;114
03.04.2019;109
04.04.2019;104
05.04.2019;100
06.04.2019;97
07.04.2019;93
08.04.2019;90
09.04.2019;86
10.04.2019;83
11.04.2019;79
12.04.2019;76
13.04.2019;73
14.04.2019;70
15.04.2019;67
16.04.2019;64
17.04.2019;61
18.04.2019;59
19.04.2019;56
20.04.2019;54
21.04.2019;53
22.04.2019;50
23.04.2019;48
24.04.2019;46
25.04.2019;44
26.04.2019;42
27.04.2019;41
28.04.2019;40
29.04.2019;38
30.04.2019;36
01.05.2019;34
02.05.2019;34
03.05.2019;35
04.05.2019;35
05.05.2019;36
06.05.2019;37
07.05.2019;37
08.05.2019;37
09.05.2019;37
10.05.2019;37
11.05.2019;39
12.05.2019;48
13.05.2019;50
14.05.2019;51
15.05.2019;51
16.05.2019;51
17.05.2019;51
18.05.2019;51
19.05.2019;51
20.05.2019;50
21.05.2019;50
22.05.2019;51
23.05.2019;53
24.05.2019;55
25.05.2019;56
26.05.2019;58
27.05.2019;60
28.05.2019;62
29.05.2019;66
30.05.2019;68
31.05.2019;69
01.06.2019;71
02.06.2019;72
03.06.2019;73
04.06.2019;75
05.06.2019;76
06.06.2019;79
07.06.2019;81
08.06.2019;83
09.06.2019;86
10.06.2019;89
11.06.2019;92
12.06.2019;100
13.06.2019;105
14.06.2019;111
15.06.2019;114
16.06.2019;116
17.06.2019;116
18.06.2019;117
19.06.2019;117
20.06.2019;118
21.06.2019;119
22.06.2019;119
23.06.2019;119
24.06.2019;119
25.06.2019;119
26.06.2019;119
27.06.2019;119
28.06.2019;119
29.06.2019;119
30.06.2019;118
01.07.2019;118
02.07.2019;118
03.07.2019;118
04.07.2019;118
05.07.2019;119
06.07.2019;121
07.07.2019;123
08.07.2019;124
09.07.2019;126
10.07.2019;132
11.07.2019;134
12.07.2019;135
13.07.2019;135
14.07.2019;135
15.07.2019;135
16.07.2019;136
17.07.2019;137
18.07.2019;137
19.07.2019;137
20.07.2019;137
21.07.2019;137
22.07.2019;137
23.07.2019;137
24.07.2019;137
25.07.2019;137
26.07.2019;136
27.07.2019;136
28.07.2019;136
29.07.2019;135
30.07.2019;136
31.07.2019;136
01.08.2019;136
02.08.2019;136
03.08.2019;136
04.08.2019;136
05.08.2019;135
06.08.2019;135
07.08.2019;136
08.08.2019;137
09.08.2019;138
10.08.2019;139
11.08.2019;140
12.08.2019;141
13.08.2019;144
14.08.2019;144
15.08.2019;144
16.08.2019;144
17.08.2019;143
18.08.2019;143
19.08.2019;143
20.08.2019;143
21.08.2019;143
22.08.2019;145
23.08.2019;145
24.08.2019;145
25.08.2019;144
26.08.2019;144
27.08.2019;143
28.08.2019;143
29.08.2019;143
30.08.2019;142
31.08.2019;142
01.09.2019;142
02.09.2019;141
03.09.2019;142
04.09.2019;143
05.09.2019;141
06.09.2019;138
07.09.2019;137
08.09.2019;135
09.09.2019;133
10.09.2019;132
11.09.2019;130
12.09.2019;128
13.09.2019;126
14.09.2019;125
15.09.2019;125
16.09.2019;125
17.09.2019;124
18.09.2019;123
19.09.2019;122
20.09.2019;121
21.09.2019;120
22.09.2019;119
23.09.2019;118
24.09.2019;116
25.09.2019;115
26.09.2019;114
27.09.2019;112
28.09.2019;111
29.09.2019;111
30.09.2019;111
01.10.2019;111
02.10.2019;110
03.10.2019;109
04.10.2019;107
05.10.2019;106
06.10.2019;103
07.10.2019;101
08.10.2019;99
09.10.2019;96
10.10.2019;95
11.10.2019;94
12.10.2019;101
13.10.2019;108
14.10.2019;109
15.10.2019;112
16.10.2019;110
17.10.2019;108
18.10.2019;106
19.10.2019;102
20.10.2019;98
21.10.2019;95
22.10.2019;91
23.10.2019;87
24.10.2019;83
25.10.2019;79
26.10.2019;75
27.10.2019;78
28.10.2019;83
29.10.2019;81
30.10.2019;78
31.10.2019;75
01.11.2019;74
02.11.2019;72
03.11.2019;71
04.11.2019;80
05.11.2019;116
06.11.2019;139
07.11.2019;146
08.11.2019;149
09.11.2019;150
10.11.2019;151
11.11.2019;151
12.11.2019;150
13.11.2019;148
14.11.2019;144
15.11.2019;140
16.11.2019;136
17.11.2019;131
18.11.2019;126
19.11.2019;120
20.11.2019;115
21.11.2019;109
22.11.2019;103
23.11.2019;97
24.11.2019;90
25.11.2019;85
26.11.2019;80
27.11.2019;75
28.11.2019;72
29.11.2019;70
30.11.2019;67
01.12.2019;64
02.12.2019;61
03.12.2019;58
04.12.2019;56
05.12.2019;55
06.12.2019;55
07.12.2019;56
08.12.2019;65
09.12.2019;71
10.12.2019;73
11.12.2019;75
12.12.2019;75
13.12.2019;75
14.12.2019;76
15.12.2019;75
16.12.2019;76
17.12.2019;79
18.12.2019;79
19.12.2019;80
20.12.2019;80
21.12.2019;80
22.12.2019;78
23.12.2019;77
24.12.2019;76
25.12.2019;76
26.12.2019;75
27.12.2019;73
28.12.2019;71
29.12.2019;69
30.12.2019;69
31.12.2019;70
01.01.2020;70
02.01.2020;68
03.01.2020;67
04.01.2020;66
05.01.2020;65
06.01.2020;63
07.01.2020;62
08.01.2020;62
09.01.2020;63
10.01.2020;62
11.01.2020;62
12.01.2020;62
13.01.2020;62
14.01.2020;62
15.01.2020;62
16.01.2020;62
17.01.2020;61
18.01.2020;60
19.01.2020;60
20.01.2020;58
21.01.2020;57
22.01.2020;57
23.01.2020;56
24.01.2020;55
25.01.2020;54
26.01.2020;53
27.01.2020;53
28.01.2020;53
29.01.2020;53
30.01.2020;52
31.01.2020;53
01.02.2020;52
02.02.2020;53
03.02.2020;56
04.02.2020;57
05.02.2020;62
06.02.2020;59
07.02.2020;72
08.02.2020;66
09.02.2020;58
10.02.2020;56
11.02.2020;57
12.02.2020;58
13.02.2020;59
14.02.2020;59
15.02.2020;60
16.02.2020;59
17.02.2020;60
18.02.2020;59
19.02.2020;59
20.02.2020;59
21.02.2020;58
22.02.2020;59
23.02.2020;70
24.02.2020;75
25.02.2020;74
26.02.2020;75
27.02.2020;79
28.02.2020;83
29.02.2020;85
01.03.2020;86
02.03.2020;91
03.03.2020;98
04.03.2020;106
05.03.2020;117
06.03.2020;122
07.03.2020;120
08.03.2020;118
09.03.2020;115
10.03.2020;113
11.03.2020;111
12.03.2020;110
13.03.2020;112
14.03.2020;112
15.03.2020;108
16.03.2020;105
17.03.2020;102
18.03.2020;100
19.03.2020;100
20.03.2020;98
21.03.2020;95
22.03.2020;93
23.03.2020;91
24.03.2020;88
25.03.2020;87
26.03.2020;85
27.03.2020;82
28.03.2020;80
29.03.2020;77
30.03.2020;75
31.03.2020;73
01.04.2020;72
02.04.2020;73
03.04.2020;74
04.04.2020;73
05.04.2020;70
06.04.2020;67
07.04.2020;64
08.04.2020;62
09.04.2020;60
10.04.2020;58
11.04.2020;56
12.04.2020;55
13.04.2020;54
14.04.2020;53
15.04.2020;54
16.04.2020;57
17.04.2020;59
18.04.2020;60
19.04.2020;60
20.04.2020;61
21.04.2020;61
22.04.2020;60
23.04.2020;59
24.04.2020;58
25.04.2020;56
26.04.2020;55
27.04.2020;53
28.04.2020;53
29.04.2020;54
30.04.2020;54
01.05.2020;53
02.05.2020;52
03.05.2020;51
04.05.2020;52
05.05.2020;52
06.05.2020;51
07.05.2020;49
08.05.2020;48
09.05.2020;48
10.05.2020;48
11.05.2020;47
12.05.2020;48
13.05.2020;48
14.05.2020;46
15.05.2020;46
16.05.2020;46
17.05.2020;47
18.05.2020;48
19.05.2020;48
20.05.2020;48
21.05.2020;50
22.05.2020;51
23.05.2020;51
24.05.2020;50
25.05.2020;50
26.05.2020;51
27.05.2020;51
28.05.2020;52
29.05.2020;53
30.05.2020;54
31.05.2020;54
01.06.2020;54
02.06.2020;55
03.06.2020;56
04.06.2020;58
05.06.2020;62
06.06.2020;65
07.06.2020;67
08.06.2020;70
09.06.2020;73
10.06.2020;77
11.06.2020;81
12.06.2020;85
13.06.2020;87
14.06.2020;92
15.06.2020;97
16.06.2020;104
17.06.2020;109
18.06.2020;111
19.06.2020;113
20.06.2020;115
21.06.2020;117
22.06.2020;120
23.06.2020;122
24.06.2020;123
25.06.2020;123
26.06.2020;124
27.06.2020;124
28.06.2020;124
29.06.2020;126
30.06.2020;128
01.07.2020;130
02.07.2020;131
03.07.2020;131
04.07.2020;131
05.07.2020;132
06.07.2020;132
07.07.2020;132
08.07.2020;132
09.07.2020;132
10.07.2020;132
11.07.2020;133
12.07.2020;133
13.07.2020;133
14.07.2020;132
15.07.2020;132
16.07.2020;132
17.07.2020;132
18.07.2020;131
19.07.2020;131
20.07.2020;131
21.07.2020;131
22.07.2020;132
23.07.2020;132
24.07.2020;132
25.07.2020;133
26.07.2020;134
27.07.2020;134
28.07.2020;135
29.07.2020;139
30.07.2020;142
31.07.2020;143
01.08.2020;144
02.08.2020;144
03.08.2020;144
04.08.2020;143
05.08.2020;145
06.08.2020;145
07.08.2020;145
08.08.2020;144
09.08.2020;144
10.08.2020;145
11.08.2020;144
12.08.2020;144
13.08.2020;144
14.08.2020;144
15.08.2020;144
16.08.2020;144
17.08.2020;143
18.08.2020;143
19.08.2020;142
20.08.2020;142
21.08.2020;141
22.08.2020;141
23.08.2020;141
24.08.2020;141
25.08.2020;141
26.08.2020;140
27.08.2020;140
28.08.2020;139
29.08.2020;139
30.08.2020;140
31.08.2020;139
01.09.2020;139
02.09.2020;139
03.09.2020;140
04.09.2020;141
05.09.2020;140
06.09.2020;139
07.09.2020;139
08.09.2020;141
09.09.2020;141
10.09.2020;141
11.09.2020;140
12.09.2020;139
13.09.2020;138
14.09.2020;138
15.09.2020;137
16.09.2020;137
17.09.2020;136
18.09.2020;136
19.09.2020;135
20.09.2020;134
21.09.2020;133
22.09.2020;132
23.09.2020;131
24.09.2020;130
25.09.2020;128
26.09.2020;127
27.09.2020;125
28.09.2020;124
29.09.2020;122
30.09.2020;120
01.10.2020;118
02.10.2020;115
03.10.2020;112
04.10.2020;110
05.10.2020;106
06.10.2020;103
07.10.2020;99
08.10.2020;95
09.10.2020;91
10.10.2020;87
11.10.2020;84
12.10.2020;83
13.10.2020;81
14.10.2020;79
15.10.2020;79
16.10.2020;78
17.10.2020;75
18.10.2020;72
19.10.2020;70
20.10.2020;68
21.10.2020;67
22.10.2020;66
23.10.2020;66
24.10.2020;67
25.10.2020;67
26.10.2020;65
27.10.2020;64
28.10.2020;64
29.10.2020;63
30.10.2020;62
31.10.2020;61
01.11.2020;59
02.11.2020;58
03.11.2020;57
04.11.2020;55
05.11.2020;54
06.11.2020;53
07.11.2020;52
08.11.2020;51
09.11.2020;50
10.11.2020;49
11.11.2020;48
12.11.2020;47
13.11.2020;46
14.11.2020;44
15.11.2020;43
16.11.2020;42
17.11.2020;42
18.11.2020;43
19.11.2020;44
20.11.2020;44
21.11.2020;43
22.11.2020;44
23.11.2020;46
24.11.2020;46
25.11.2020;47
26.11.2020;48
27.11.2020;50
28.11.2020;52
29.11.2020;52
30.11.2020;52
01.12.2020;53
02.12.2020;53
03.12.2020;53
04.12.2020;53
05.12.2020;52
06.12.2020;52
07.12.2020;52
08.12.2020;68
09.12.2020;70
10.12.2020;60
11.12.2020;57
12.12.2020;55
13.12.2020;54
14.12.2020;53
15.12.2020;51
16.12.2020;48
17.12.2020;45
18.12.2020;43
19.12.2020;45
20.12.2020;47
21.12.2020;47
22.12.2020;46
23.12.2020;47
24.12.2020;47
25.12.2020;49
26.12.2020;50
27.12.2020;51
28.12.2020;70
29.12.2020;60
30.12.2020;54
31.12.2020;54
01.01.2021;54
02.01.2021;55
03.01.2021;55
04.01.2021;54
05.01.2021;53
06.01.2021;52
07.01.2021;51
08.01.2021;49
09.01.2021;68
10.01.2021;76
11.01.2021;74
12.01.2021;67
13.01.2021;62
14.01.2021;57
15.01.2021;54
16.01.2021;49
17.01.2021;47
18.01.2021;50
19.01.2021;51
20.01.2021;50
21.01.2021;49
22.01.2021;49
23.01.2021;50
24.01.2021;51
25.01.2021;52
26.01.2021;53
27.01.2021;55
28.01.2021;54
29.01.2021;53
30.01.2021;56
31.01.2021;57
01.02.2021;59
02.02.2021;57
03.02.2021;60
04.02.2021;57
05.02.2021;59
06.02.2021;58
07.02.2021;55
08.02.2021;53
09.02.2021;51
10.02.2021;50
11.02.2021;48
12.02.2021;47
13.02.2021;46
14.02.2021;47
15.02.2021;47
16.02.2021;47
17.02.2021;47
18.02.2021;45
19.02.2021;45
20.02.2021;44
21.02.2021;45
22.02.2021;47
23.02.2021;48
24.02.2021;50
25.02.2021;62
26.02.2021;85
27.02.2021;89
28.02.2021;86
01.03.2021;83
02.03.2021;83
03.03.2021;83
04.03.2021;83
05.03.2021;83
06.03.2021;81
07.03.2021;79
08.03.2021;77
09.03.2021;75
10.03.2021;76
11.03.2021;78
12.03.2021;70
13.03.2021;69
14.03.2021;76
15.03.2021;83
16.03.2021;86
17.03.2021;86
18.03.2021;86
19.03.2021;84
20.03.2021;82
21.03.2021;81
22.03.2021;79
23.03.2021;76
24.03.2021;74
25.03.2021;74
26.03.2021;76
27.03.2021;78
28.03.2021;80
29.03.2021;81
30.03.2021;83
31.03.2021;87
01.04.2021;90
02.04.2021;93
03.04.2021;96
04.04.2021;99
05.04.2021;101
06.04.2021;102
07.04.2021;102
08.04.2021;101
09.04.2021;99
10.04.2021;97
11.04.2021;94
12.04.2021;90
13.04.2021;86
14.04.2021;82
15.04.2021;78
16.04.2021;74
17.04.2021;70
18.04.2021;66
19.04.2021;63
20.04.2021;60
21.04.2021;56
22.04.2021;55
23.04.2021;52
24.04.2021;50
25.04.2021;50
26.04.2021;50
27.04.2021;51
28.04.2021;51
29.04.2021;50
30.04.2021;49
01.05.2021;49
02.05.2021;48
03.05.2021;53
04.05.2021;68
05.05.2021;71
06.05.2021;80
07.05.2021;91
08.05.2021;95
09.05.2021;96
10.05.2021;96
11.05.2021;94
12.05.2021;92
13.05.2021;89
14.05.2021;86
15.05.2021;85
16.05.2021;85
17.05.2021;84
18.05.2021;85
19.05.2021;86
20.05.2021;86
21.05.2021;89
22.05.2021;91
23.05.2021;102
24.05.2021;121
25.05.2021;123
26.05.2021;125
27.05.2021;127
28.05.2021;130
29.05.2021;130
30.05.2021;130
31.05.2021;128
01.06.2021;127
02.06.2021;125
03.06.2021;123
04.06.2021;120
05.06.2021;118
06.06.2021;115
07.06.2021;113
08.06.2021;111
09.06.2021;110
10.06.2021;109
11.06.2021;108
12.06.2021;106
13.06.2021;105
14.06.2021;104
15.06.2021;104
16.06.2021;103
17.06.2021;103
18.06.2021;102
19.06.2021;102
20.06.2021;102
21.06.2021;102
22.06.2021;103
23.06.2021;103
24.06.2021;103
25.06.2021;105
26.06.2021;112
27.06.2021;114
28.06.2021;114
29.06.2021;114
30.06.2021;114
01.07.2021;113
02.07.2021;113
03.07.2021;113
04.07.2021;112
05.07.2021;112
06.07.2021;112
07.07.2021;111
08.07.2021;111
09.07.2021;112
10.07.2021;111
11.07.2021;110
12.07.2021;110
13.07.2021;112
14.07.2021;114
15.07.2021;113
16.07.2021;113
17.07.2021;113
18.07.2021;112
19.07.2021;112
20.07.2021;111
21.07.2021;110
22.07.2021;110
23.07.2021;109
24.07.2021;109
25.07.2021;109
26.07.2021;108
27.07.2021;108
28.07.2021;109
29.07.2021;109
30.07.2021;109
31.07.2021;110
01.08.2021;111
02.08.2021;113
03.08.2021;115
04.08.2021;115
05.08.2021;115
06.08.2021;115
07.08.2021;115
08.08.2021;116
09.08.2021;116
10.08.2021;117
11.08.2021;117
12.08.2021;118
13.08.2021;119
14.08.2021;120
15.08.2021;121
16.08.2021;121
17.08.2021;121
18.08.2021;124
19.08.2021;124
20.08.2021;125
21.08.2021;126
22.08.2021;126
23.08.2021;126
24.08.2021;127
25.08.2021;127
26.08.2021;128
27.08.2021;129
28.08.2021;130
29.08.2021;132
30.08.2021;133
31.08.2021;133
01.09.2021;134
02.09.2021;134
03.09.2021;134
04.09.2021;134
05.09.2021;133
06.09.2021;132
07.09.2021;132
08.09.2021;129
09.09.2021;126
10.09.2021;124
11.09.2021;122
12.09.2021;120
13.09.2021;121
14.09.2021;119
15.09.2021;118
16.09.2021;116
17.09.2021;114
18.09.2021;112
19.09.2021;110
20.09.2021;109
21.09.2021;107
22.09.2021;106
23.09.2021;104
24.09.2021;104
25.09.2021;104
26.09.2021;103
27.09.2021;102
28.09.2021;100
29.09.2021;98
30.09.2021;95
01.10.2021;93
02.10.2021;90
03.10.2021;87
04.10.2021;84
05.10.2021;80
06.10.2021;77
07.10.2021;73
08.10.2021;69
09.10.2021;65
10.10.2021;61
11.10.2021;58
12.10.2021;55
13.10.2021;51
14.10.2021;49
15.10.2021;46
16.10.2021;44
17.10.2021;44
18.10.2021;41
19.10.2021;39
20.10.2021;38
21.10.2021;39
22.10.2021;40
23.10.2021;39
24.10.2021;38
25.10.2021;37
26.10.2021;36
27.10.2021;39
28.10.2021;38
29.10.2021;37
30.10.2021;36
31.10.2021;36
01.11.2021;34
02.11.2021;34
03.11.2021;33
04.11.2021;33
05.11.2021;34
06.11.2021;36
07.11.2021;38
08.11.2021;42
09.11.2021;46
10.11.2021;46
11.11.2021;47
12.11.2021;49
13.11.2021;50
14.11.2021;50
15.11.2021;49
16.11.2021;48
17.11.2021;48
18.11.2021;49
19.11.2021;51
20.11.2021;52
21.11.2021;52
22.11.2021;52
23.11.2021;51
24.11.2021;50
25.11.2021;50
26.11.2021;50
27.11.2021;49
28.11.2021;50
29.11.2021;49
30.11.2021;49
01.12.2021;60
02.12.2021;73
03.12.2021;74
04.12.2021;70
05.12.2021;66
06.12.2021;63
07.12.2021;60
08.12.2021;58
09.12.2021;56
10.12.2021;55
11.12.2021;54
12.12.2021;53
13.12.2021;53
14.12.2021;52
15.12.2021;51
16.12.2021;58
17.12.2021;66
18.12.2021;64
19.12.2021;66
20.12.2021;67
21.12.2021;83
22.12.2021;91
23.12.2021;91
24.12.2021;88
25.12.2021;84
26.12.2021;81
27.12.2021;78
28.12.2021;75
29.12.2021;73
30.12.2021;70
31.12.2021;68
01.01.2022;66
02.01.2022;64
03.01.2022;62
04.01.2022;60
05.01.2022;62
06.01.2022;60
07.01.2022;72
08.01.2022;81
09.01.2022;69
10.01.2022;61
11.01.2022;67
12.01.2022;74
13.01.2022;67
14.01.2022;64
15.01.2022;62
16.01.2022;59
17.01.2022;59
18.01.2022;67
19.01.2022;62
20.01.2022;58
21.01.2022;55
22.01.2022;54
23.01.2022;52
24.01.2022;50
25.01.2022;48
26.01.2022;49
27.01.2022;47
28.01.2022;46
29.01.2022;46
30.01.2022;47
31.01.2022;47
01.02.2022;46
02.02.2022;47
03.02.2022;49
04.02.2022;63
05.02.2022;61
06.02.2022;54
07.02.2022;49
08.02.2022;45
09.02.2022;44
10.02.2022;44
11.02.2022;46
12.02.2022;45
13.02.2022;44
14.02.2022;44
15.02.2022;43
16.02.2022;45
17.02.2022;67
18.02.2022;94
19.02.2022;97
20.02.2022;102
21.02.2022;105
22.02.2022;107
23.02.2022;110
24.02.2022;109
25.02.2022;107
26.02.2022;106
27.02.2022;104
28.02.2022;101
01.03.2022;97
02.03.2022;93
03.03.2022;90
04.03.2022;86
05.03.2022;82
06.03.2022;78
07.03.2022;74
08.03.2022;70
09.03.2022;67
10.03.2022;62
11.03.2022;58
12.03.2022;55
13.03.2022;53
14.03.2022;52
15.03.2022;51
16.03.2022;50
17.03.2022;49
18.03.2022;48
19.03.2022;47
20.03.2022;46
21.03.2022;48
22.03.2022;50
23.03.2022;51
24.03.2022;53
25.03.2022;55
26.03.2022;61
27.03.2022;66
28.03.2022;67
29.03.2022;72
30.03.2022;73
31.03.2022;74
01.04.2022;75
02.04.2022;75
03.04.2022;74
04.04.2022;74
05.04.2022;75
06.04.2022;76
07.04.2022;78
08.04.2022;84
09.04.2022;92
10.04.2022;99
11.04.2022;103
12.04.2022;108
13.04.2022;112
14.04.2022;116
15.04.2022;120
16.04.2022;123
17.04.2022;125
18.04.2022;126
19.04.2022;126
20.04.2022;124
21.04.2022;122
22.04.2022;119
23.04.2022;116
24.04.2022;113
25.04.2022;113
26.04.2022;111
27.04.2022;109
28.04.2022;106
29.04.2022;102
30.04.2022;98
01.05.2022;94
02.05.2022;90
03.05.2022;86
04.05.2022;82
05.05.2022;78
06.05.2022;74
07.05.2022;71
08.05.2022;68
09.05.2022;65
10.05.2022;62
11.05.2022;60
12.05.2022;58
13.05.2022;57
14.05.2022;55
15.05.2022;54
16.05.2022;52
17.05.2022;51
18.05.2022;50
19.05.2022;49
20.05.2022;49
21.05.2022;53
22.05.2022;52
23.05.2022;52
24.05.2022;52
25.05.2022;52
26.05.2022;54
27.05.2022;58
28.05.2022;60
29.05.2022;61
30.05.2022;63
31.05.2022;67
01.06.2022;68
02.06.2022;70
03.06.2022;71
04.06.2022;72
05.06.2022;74
06.06.2022;76
07.06.2022;77
08.06.2022;80
09.06.2022;86
10.06.2022;88
11.06.2022;91
12.06.2022;93
13.06.2022;95
14.06.2022;98
15.06.2022;117
16.06.2022;125
17.06.2022;129
18.06.2022;132
19.06.2022;133
20.06.2022;134
21.06.2022;134
22.06.2022;134
23.06.2022;133
24.06.2022;133
25.06.2022;132
26.06.2022;132
27.06.2022;131
28.06.2022;131
29.06.2022;132
30.06.2022;133
01.07.2022;132
02.07.2022;131
03.07.2022;130
04.07.2022;130
05.07.2022;130
06.07.2022;129
07.07.2022;129
08.07.2022;128
09.07.2022;127
10.07.2022;127
11.07.2022;126
12.07.2022;126
13.07.2022;126
14.07.2022;126
15.07.2022;127
16.07.2022;127
17.07.2022;127
18.07.2022;127
19.07.2022;127
20.07.2022;126
21.07.2022;126
22.07.2022;126
23.07.2022;125
24.07.2022;125
25.07.2022;125
26.07.2022;124
27.07.2022;125
28.07.2022;125
29.07.2022;124
30.07.2022;124
31.07.2022;124
01.08.2022;127
02.08.2022;130
03.08.2022;132
04.08.2022;132
05.08.2022;132
06.08.2022;132
07.08.2022;133
08.08.2022;132
09.08.2022;132
10.08.2022;132
11.08.2022;132
12.08.2022;131
13.08.2022;131
14.08.2022;130
15.08.2022;131
16.08.2022;133
17.08.2022;131
18.08.2022;127
19.08.2022;124
20.08.2022;122
21.08.2022;120
22.08.2022;119
23.08.2022;117
24.08.2022;116
25.08.2022;114
26.08.2022;113
27.08.2022;112
28.08.2022;111
29.08.2022;110
30.08.2022;113
31.08.2022;115
01.09.2022;115
02.09.2022;115
03.09.2022;115
04.09.2022;114
05.09.2022;113
06.09.2022;113
07.09.2022;112
08.09.2022;111
09.09.2022;110
10.09.2022;109
11.09.2022;108
12.09.2022;107
13.09.2022;106
14.09.2022;106
15.09.2022;105
16.09.2022;105
17.09.2022;106
18.09.2022;108
19.09.2022;107
20.09.2022;106
21.09.2022;106
22.09.2022;105
23.09.2022;104
24.09.2022;103
25.09.2022;101
26.09.2022;100
27.09.2022;98
28.09.2022;95
29.09.2022;94
30.09.2022;92
01.10.2022;89
02.10.2022;86
03.10.2022;84
04.10.2022;86
05.10.2022;85
06.10.2022;81
07.10.2022;78
08.10.2022;73
09.10.2022;69
10.10.2022;65
11.10.2022;62
12.10.2022;60
13.10.2022;58
14.10.2022;55
15.10.2022;53
16.10.2022;51
17.10.2022;49
18.10.2022;48
19.10.2022;47
20.10.2022;46
21.10.2022;45
22.10.2022;44
23.10.2022;42
24.10.2022;41
25.10.2022;40
26.10.2022;40
27.10.2022;39
28.10.2022;39
29.10.2022;39
30.10.2022;39
31.10.2022;38
01.11.2022;37
02.11.2022;37
03.11.2022;37
04.11.2022;36
05.11.2022;36
06.11.2022;34
07.11.2022;34
08.11.2022;34
09.11.2022;35
10.11.2022;36
11.11.2022;38
12.11.2022;39
13.11.2022;39
14.11.2022;40
15.11.2022;40
16.11.2022;39
17.11.2022;39
18.11.2022;38
19.11.2022;38
20.11.2022;38
21.11.2022;38
22.11.2022;37
23.11.2022;36
24.11.2022;36
25.11.2022;36
26.11.2022;35
27.11.2022;35
28.11.2022;35
29.11.2022;34
30.11.2022;34
01.12.2022;34
02.12.2022;54
03.12.2022;50
04.12.2022;43
05.12.2022;43
06.12.2022;42
07.12.2022;43
08.12.2022;46
09.12.2022;47
10.12.2022;47
11.12.2022;46
12.12.2022;48
13.12.2022;50
14.12.2022;50
15.12.2022;50
16.12.2022;51
17.12.2022;49
18.12.2022;48
19.12.2022;48
20.12.2022;48
21.12.2022;49
22.12.2022;53
23.12.2022;57
24.12.2022;58
25.12.2022;57
26.12.2022;56
27.12.2022;58
28.12.2022;54
29.12.2022;52
30.12.2022;53
31.12.2022;57
